temp;year
-0,3930;1
-0,3096;2
-0,2433;3
-0,2441;4
-0,3075;5
-0,4219;6
-0,5659;7
-0,5974;8
-0,5496;9
-0,5243;10
-0,5166;11
-0,5136;12
-0,5654;13
-0,7616;14
-0,9735;15
-0,9226;16
-0,6152;17
-0,3817;18
-0,4368;19
-0,5955;20
-0,6284;21
-0,5746;22
-0,4853;23
-0,3549;24
-0,1812;25
-0,0669;26
-0,1533;27
-0,3617;28
-0,4838;29
-0,4547;30
-0,3789;31
-0,2315;32
-0,0807;33
-0,0009;34
-0,0121;35
-0,2080;36
-0,4335;37
-0,3650;38
-0,2290;39
-0,2266;40
-0,2815;41
-0,3838;42
-0,4867;43
-0,5718;44
-0,5898;45
-0,5806;46
-0,5518;47
-0,4779;48
-0,3688;49
-0,3038;50
-0,3726;51
-0,5025;52
-0,5053;53
-0,3733;54
-0,3843;55
-0,4930;56
-0,4863;57
-0,4631;58
-0,4557;59
-0,4164;60
-0,3838;61
-0,3856;62
-0,4164;63
-0,4998;64
-0,5659;65
-0,5378;66
-0,5402;67
-0,5882;68
-0,6314;69
-0,6478;70
-0,6195;71
-0,5086;72
-0,4506;73
-0,4654;74
-0,4546;75
-0,3788;76
-0,2938;77
-0,2459;78
-0,2144;79
-0,1890;80
-0,2348;81
-0,3591;82
-0,4867;83
-0,5625;84
-0,6237;85
-0,6787;86
-0,6368;87
-0,3971;88
-0,1764;89
-0,1596;90
-0,2154;91
-0,2660;92
-0,3524;93
-0,3934;94
-0,2988;95
-0,1631;96
-0,1610;97
-0,2395;98
-0,3811;99
-0,5429;100
-0,4989;101
-0,3473;102
-0,2829;103
-0,2581;104
-0,2461;105
-0,2552;106
-0,2878;107
-0,4534;108
-0,5698;109
-0,3844;110
-0,2801;111
-0,3720;112
-0,3426;113
-0,2199;114
-0,1638;115
-0,2379;116
-0,3896;117
-0,4587;118
-0,3825;119
-0,2335;120
-0,1916;121
-0,3419;122
-0,4281;123
-0,2966;124
-0,2220;125
-0,2841;126
-0,2824;127
-0,1788;128
-0,1060;129
-0,1202;130
-0,1869;131
-0,2509;132
-0,3068;133
-0,3106;134
-0,3025;135
-0,3333;136
-0,3210;137
-0,2568;138
-0,2920;139
-0,3688;140
-0,3948;141
-0,4377;142
-0,4898;143
-0,4924;144
-0,5067;145
-0,5304;146
-0,4636;147
-0,2806;148
-0,2671;149
-0,5080;150
-0,6866;151
-0,6110;152
-0,4179;153
-0,2947;154
-0,2106;155
-0,1180;156
-0,1161;157
-0,2142;158
-0,2747;159
-0,2591;160
-0,2156;161
-0,1945;162
-0,2474;163
-0,3998;164
-0,4509;165
-0,3300;166
-0,3069;167
-0,4336;168
-0,4444;169
-0,3686;170
-0,4260;171
-0,5333;172
-0,5736;173
-0,6416;174
-0,7074;175
-0,6821;176
-0,5960;177
-0,5643;178
-0,5352;179
-0,4924;180
-0,4768;181
-0,4095;182
-0,3260;183
-0,2583;184
-0,2111;185
-0,2171;186
-0,2500;187
-0,3283;188
-0,4233;189
-0,4040;190
-0,2950;191
-0,2188;192
-0,1952;193
-0,2696;194
-0,4186;195
-0,5176;196
-0,5104;197
-0,4216;198
-0,3762;199
-0,4499;200
-0,4926;201
-0,3964;202
-0,2454;203
-0,1777;204
-0,1968;205
-0,2814;206
-0,4724;207
-0,6277;208
-0,6433;209
-0,6095;210
-0,4903;211
-0,2974;212
-0,2753;213
-0,4171;214
-0,4672;215
-0,3769;216
-0,3221;217
-0,3883;218
-0,4822;219
-0,5194;220
-0,4888;221
-0,4434;222
-0,4431;223
-0,4384;224
-0,4452;225
-0,4380;226
-0,3582;227
-0,2819;228
-0,3195;229
-0,3917;230
-0,3430;231
-0,2531;232
-0,3232;233
-0,5460;234
-0,7628;235
-0,7253;236
-0,5248;237
-0,4563;238
-0,4113;239
-0,2835;240
-0,2098;241
-0,2513;242
-0,3178;243
-0,2862;244
-0,1654;245
-0,1086;246
-0,1775;247
-0,2582;248
-0,2757;249
-0,3091;250
-0,3376;251
-0,3103;252
-0,3158;253
-0,4423;254
-0,5486;255
-0,4510;256
-0,3235;257
-0,2505;258
-0,1471;259
-0,1561;260
-0,3458;261
-0,4199;262
-0,2899;263
-0,1518;264
-0,1295;265
-0,1704;266
-0,2426;267
-0,3226;268
-0,3246;269
-0,2692;270
-0,2358;271
-0,2688;272
-0,3700;273
-0,4664;274
-0,3618;275
-0,2000;276
-0,2231;277
-0,3104;278
-0,2621;279
-0,1001;280
-0,0113;281
-0,1036;282
-0,1750;283
-0,1178;284
-0,0545;285
-0,0136;286
0,0223;287
0,0109;288
-0,0850;289
-0,1809;290
-0,2732;291
-0,3901;292
-0,5870;293
-0,6332;294
-0,3630;295
-0,1824;296
-0,2528;297
-0,3430;298
-0,3362;299
-0,3161;300
-0,3104;301
-0,2788;302
-0,2810;303
-0,4187;304
-0,6428;305
-0,7013;306
-0,5870;307
-0,4730;308
-0,3792;309
-0,2794;310
-0,2633;311
-0,3467;312
-0,3963;313
-0,4139;314
-0,4749;315
-0,5228;316
-0,4920;317
-0,4588;318
-0,5510;319
-0,7870;320
-0,9188;321
-0,8283;322
-0,7785;323
-0,7467;324
-0,6164;325
-0,4660;326
-0,4030;327
-0,4485;328
-0,4396;329
-0,3072;330
-0,2280;331
-0,2947;332
-0,4204;333
-0,4880;334
-0,5102;335
-0,5220;336
-0,4976;337
-0,4658;338
-0,5081;339
-0,5322;340
-0,4640;341
-0,3943;342
-0,4118;343
-0,4749;344
-0,4299;345
-0,3605;346
-0,3821;347
-0,4018;348
-0,3087;349
-0,2264;350
-0,2949;351
-0,4191;352
-0,4386;353
-0,3409;354
-0,2813;355
-0,2993;356
-0,2913;357
-0,2882;358
-0,2792;359
-0,2738;360
-0,2757;361
-0,1971;362
-0,1669;363
-0,1848;364
-0,1938;365
-0,2221;366
-0,2688;367
-0,4547;368
-0,7262;369
-0,7108;370
-0,4512;371
-0,2951;372
-0,3087;373
-0,3302;374
-0,3757;375
-0,5083;376
-0,6156;377
-0,6043;378
-0,4996;379
-0,4232;380
-0,4349;381
-0,5153;382
-0,5445;383
-0,4571;384
-0,4540;385
-0,5061;386
-0,4342;387
-0,3366;388
-0,3226;389
-0,3507;390
-0,2947;391
-0,1745;392
-0,1517;393
-0,2156;394
-0,2302;395
-0,2224;396
-0,2212;397
-0,2228;398
-0,2783;399
-0,3175;400
-0,3078;401
-0,3542;402
-0,4213;403
-0,3803;404
-0,2886;405
-0,2829;406
-0,2868;407
-0,2869;408
-0,3331;409
-0,3997;410
-0,4883;411
-0,5607;412
-0,5721;413
-0,5263;414
-0,4995;415
-0,4894;416
-0,4236;417
-0,4381;418
-0,5372;419
-0,5873;420
-0,5778;421
-0,5332;422
-0,4919;423
-0,4783;424
-0,4875;425
-0,4542;426
-0,3667;427
-0,3048;428
-0,2981;429
-0,3465;430
-0,3657;431
-0,2592;432
-0,1939;433
-0,2405;434
-0,3324;435
-0,4891;436
-0,5279;437
-0,3687;438
-0,3029;439
-0,4085;440
-0,6227;441
-0,7362;442
-0,5614;443
-0,3580;444
-0,3948;445
-0,5573;446
-0,5822;447
-0,5427;448
-0,5345;449
-0,4833;450
-0,4252;451
-0,3111;452
-0,2040;453
-0,2460;454
-0,3310;455
-0,2836;456
-0,2114;457
-0,1998;458
-0,1983;459
-0,2197;460
-0,2716;461
-0,3686;462
-0,5119;463
-0,5617;464
-0,5130;465
-0,5162;466
-0,5475;467
-0,5084;468
-0,4507;469
-0,4247;470
-0,4259;471
-0,4368;472
-0,4703;473
-0,4936;474
-0,4292;475
-0,3641;476
-0,3545;477
-0,3721;478
-0,3827;479
-0,3630;480
-0,3770;481
-0,4121;482
-0,4045;483
-0,3959;484
-0,4475;485
-0,5064;486
-0,5224;487
-0,5332;488
-0,5025;489
-0,4792;490
-0,4540;491
-0,3694;492
-0,3282;493
-0,3130;494
-0,2912;495
-0,3680;496
-0,4726;497
-0,4540;498
-0,4261;499
-0,5082;500
-0,5449;501
-0,4362;502
-0,3540;503
-0,3761;504
-0,4698;505
-0,5575;506
-0,5279;507
-0,3618;508
-0,1805;509
-0,1061;510
-0,1911;511
-0,3631;512
-0,4632;513
-0,4378;514
-0,4000;515
-0,4312;516
-0,5177;517
-0,5445;518
-0,4796;519
-0,4040;520
-0,3066;521
-0,2458;522
-0,2957;523
-0,3868;524
-0,4040;525
-0,3700;526
-0,4186;527
-0,4825;528
-0,4363;529
-0,4088;530
-0,4294;531
-0,3531;532
-0,3083;533
-0,4613;534
-0,7302;535
-0,8614;536
-0,7175;537
-0,5827;538
-0,6151;539
-0,6797;540
-0,7548;541
-0,8222;542
-0,8460;543
-0,8675;544
-0,8621;545
-0,8046;546
-0,6815;547
-0,5001;548
-0,3903;549
-0,3670;550
-0,3728;551
-0,4363;552
-0,6511;553
-0,7948;554
-0,5869;555
-0,3243;556
-0,2373;557
-0,2299;558
-0,1380;559
-0,0710;560
-0,3061;561
-0,6797;562
-0,7346;563
-0,5096;564
-0,4111;565
-0,3725;566
-0,2868;567
-0,3690;568
-0,5446;569
-0,5498;570
-0,4345;571
-0,3586;572
-0,3336;573
-0,3086;574
-0,2952;575
-0,3119;576
-0,3035;577
-0,3010;578
-0,3576;579
-0,3979;580
-0,3103;581
-0,1849;582
-0,1482;583
-0,1550;584
-0,1054;585
-0,0488;586
-0,1271;587
-0,3045;588
-0,4450;589
-0,5508;590
-0,4805;591
-0,2184;592
-0,1308;593
-0,2502;594
-0,3509;595
-0,4044;596
-0,3867;597
-0,3670;598
-0,3277;599
-0,2535;600
-0,2665;601
-0,3613;602
-0,3850;603
-0,3136;604
-0,3136;605
-0,3714;606
-0,3788;607
-0,4013;608
-0,4908;609
-0,5992;610
-0,6112;611
-0,4893;612
-0,3897;613
-0,4355;614
-0,5010;615
-0,4410;616
-0,3480;617
-0,3576;618
-0,4590;619
-0,5243;620
-0,4865;621
-0,4342;622
-0,4154;623
-0,4533;624
-0,5647;625
-0,6675;626
-0,6138;627
-0,4506;628
-0,4221;629
-0,4616;630
-0,4037;631
-0,3334;632
-0,3478;633
-0,3953;634
-0,4167;635
-0,4160;636
-0,4338;637
-0,5165;638
-0,6077;639
-0,5832;640
-0,4836;641
-0,4544;642
-0,5534;643
-0,7199;644
-0,7317;645
-0,5342;646
-0,4247;647
-0,4542;648
-0,4271;649
-0,4228;650
-0,4664;651
-0,3988;652
-0,3091;653
-0,2153;654
-0,1267;655
-0,1458;656
-0,2364;657
-0,3105;658
-0,3787;659
-0,4305;660
-0,3800;661
-0,2452;662
-0,2289;663
-0,3128;664
-0,2835;665
-0,1959;666
-0,2100;667
-0,2915;668
-0,3582;669
-0,3006;670
-0,1384;671
-0,0680;672
-0,0827;673
-0,0244;674
-0,0889;675
-0,3582;676
-0,5143;677
-0,3536;678
-0,1927;679
-0,3140;680
-0,4319;681
-0,3135;682
-0,2613;683
-0,3357;684
-0,3232;685
-0,2259;686
-0,1688;687
-0,1777;688
-0,1900;689
-0,1585;690
-0,1371;691
-0,1352;692
-0,1008;693
-0,0757;694
-0,0920;695
-0,1203;696
-0,2019;697
-0,3730;698
-0,4031;699
-0,1907;700
-0,1017;701
-0,1592;702
-0,0847;703
0,0505;704
-0,0064;705
-0,2224;706
-0,3585;707
-0,3009;708
-0,2070;709
-0,1988;710
-0,2418;711
-0,2372;712
-0,2274;713
-0,2419;714
-0,2137;715
-0,2270;716
-0,3190;717
-0,3959;718
-0,4534;719
-0,4393;720
-0,2963;721
-0,1636;722
-0,1240;723
-0,1459;724
-0,1881;725
-0,2344;726
-0,2665;727
-0,2859;728
-0,2747;729
-0,1561;730
-0,0454;731
-0,0631;732
-0,1438;733
-0,1224;734
-0,0386;735
-0,0847;736
-0,2002;737
-0,3020;738
-0,4428;739
-0,5116;740
-0,4242;741
-0,3628;742
-0,4396;743
-0,5032;744
-0,4838;745
-0,3932;746
-0,3087;747
-0,3004;748
-0,3088;749
-0,3248;750
-0,3963;751
-0,4080;752
-0,3271;753
-0,2904;754
-0,3312;755
-0,3431;756
-0,2964;757
-0,2161;758
-0,1922;759
-0,3169;760
-0,5055;761
-0,5517;762
-0,3459;763
-0,1252;764
-0,1419;765
-0,3198;766
-0,3867;767
-0,3034;768
-0,2459;769
-0,2647;770
-0,3280;771
-0,4079;772
-0,4604;773
-0,4509;774
-0,4263;775
-0,4204;776
-0,4167;777
-0,3937;778
-0,3707;779
-0,3808;780
-0,3691;781
-0,2773;782
-0,1196;783
0,0200;784
0,0361;785
-0,0064;786
-0,0602;787
-0,1540;788
-0,2215;789
-0,2084;790
-0,1694;791
-0,1775;792
-0,2764;793
-0,3543;794
-0,2799;795
-0,2083;796
-0,2622;797
-0,3824;798
-0,4658;799
-0,4394;800
-0,4130;801
-0,3651;802
-0,3238;803
-0,3543;804
-0,3346;805
-0,3028;806
-0,3632;807
-0,5758;808
-0,7973;809
-0,6896;810
-0,4263;811
-0,3645;812
-0,4979;813
-0,5956;814
-0,5317;815
-0,5612;816
-0,7217;817
-0,6990;818
-0,4622;819
-0,1891;820
-0,0347;821
-0,0585;822
-0,1821;823
-0,3263;824
-0,4639;825
-0,4454;826
-0,3456;827
-0,3028;828
-0,3497;829
-0,3390;830
-0,2271;831
-0,1210;832
-0,0712;833
-0,0895;834
-0,1288;835
-0,1559;836
-0,1639;837
-0,1733;838
-0,2014;839
-0,2368;840
-0,1836;841
0,0285;842
0,1244;843
-0,0216;844
-0,1968;845
-0,2989;846
-0,3586;847
-0,3019;848
-0,2626;849
-0,3245;850
-0,3288;851
-0,3177;852
-0,3682;853
-0,4270;854
-0,4397;855
-0,3475;856
-0,1732;857
-0,0855;858
-0,1880;859
-0,3435;860
-0,3915;861
-0,3281;862
-0,2459;863
-0,3076;864
-0,4573;865
-0,5269;866
-0,5795;867
-0,5518;868
-0,3800;869
-0,2631;870
-0,3026;871
-0,3252;872
-0,2558;873
-0,1750;874
-0,1105;875
-0,1005;876
-0,1476;877
-0,1373;878
-0,0845;879
-0,0619;880
-0,0532;881
-0,1660;882
-0,3952;883
-0,4305;884
-0,2706;885
-0,2245;886
-0,2452;887
-0,2239;888
-0,1927;889
-0,0971;890
0,0220;891
0,0758;892
0,0716;893
0,0989;894
0,2177;895
0,3566;896
0,3003;897
0,0717;898
-0,1514;899
-0,2821;900
-0,3288;901
-0,3909;902
-0,4888;903
-0,5011;904
-0,4491;905
-0,5060;906
-0,5451;907
-0,4466;908
-0,3728;909
-0,3683;910
-0,3697;911
-0,4110;912
-0,4543;913
-0,3958;914
-0,3005;915
-0,1834;916
-0,0987;917
-0,2369;918
-0,4544;919
-0,4570;920
-0,3317;921
-0,3771;922
-0,5724;923
-0,6323;924
-0,4576;925
-0,2805;926
-0,2059;927
-0,1883;928
-0,2445;929
-0,3218;930
-0,3455;931
-0,3203;932
-0,2290;933
-0,1472;934
-0,0961;935
0,0037;936
0,0286;937
-0,1091;938
-0,1510;939
-0,0487;940
-0,0546;941
-0,2127;942
-0,3442;943
-0,3857;944
-0,3321;945
-0,2823;946
-0,2954;947
-0,3023;948
-0,2634;949
-0,2219;950
-0,2496;951
-0,2998;952
-0,3085;953
-0,3318;954
-0,3632;955
-0,4131;956
-0,4773;957
-0,3658;958
-0,2178;959
-0,2847;960
-0,3773;961
-0,2297;962
-0,0688;963
0,0117;964
0,0576;965
-0,0509;966
-0,2053;967
-0,2037;968
-0,1579;969
-0,1229;970
-0,2191;971
-0,3149;972
-0,2296;973
-0,1538;974
-0,1837;975
-0,1253;976
0,0305;977
0,0049;978
-0,2131;979
-0,3268;980
-0,2371;981
-0,0730;982
-0,0766;983
-0,1143;984
-0,0199;985
0,0778;986
0,1134;987
0,1420;988
0,1976;989
0,2074;990
0,1652;991
0,1427;992
0,0664;993
-0,1695;994
-0,3136;995
-0,1577;996
-0,0319;997
-0,0152;998
0,0167;999
-0,0256;1000
-0,1134;1001
-0,1098;1002
-0,0748;1003
-0,1425;1004
-0,2549;1005
-0,1182;1006
0,1038;1007
0,0923;1008
-0,0151;1009
-0,0344;1010
0,0125;1011
0,0026;1012
-0,0776;1013
-0,0756;1014
0,0905;1015
0,2681;1016
0,2985;1017
0,1922;1018
0,1087;1019
0,0668;1020
-0,0573;1021
-0,0774;1022
0,0795;1023
0,1103;1024
-0,0272;1025
-0,0851;1026
-0,0011;1027
0,0762;1028
0,0893;1029
0,0972;1030
0,0636;1031
-0,0499;1032
-0,1299;1033
-0,1577;1034
-0,2018;1035
-0,1677;1036
-0,0801;1037
-0,0410;1038
-0,0442;1039
0,0124;1040
0,0811;1041
-0,0220;1042
-0,2338;1043
-0,2750;1044
-0,1552;1045
-0,0715;1046
-0,1626;1047
-0,3406;1048
-0,3237;1049
-0,1798;1050
-0,1266;1051
-0,1671;1052
-0,2043;1053
-0,2230;1054
-0,2778;1055
-0,2516;1056
-0,1825;1057
-0,2002;1058
-0,2027;1059
-0,0162;1060
0,1325;1061
0,0017;1062
-0,1252;1063
-0,0054;1064
0,0680;1065
-0,1246;1066
-0,3375;1067
-0,3981;1068
-0,4165;1069
-0,4115;1070
-0,3231;1071
-0,2570;1072
-0,2662;1073
-0,2390;1074
-0,1588;1075
-0,1471;1076
-0,2148;1077
-0,2276;1078
-0,1233;1079
-0,0083;1080
0,0426;1081
0,0207;1082
-0,0265;1083
-0,0116;1084
0,0404;1085
0,1073;1086
0,1333;1087
0,0777;1088
0,0551;1089
0,1261;1090
0,1805;1091
0,1127;1092
-0,0025;1093
-0,0202;1094
-0,0369;1095
-0,1037;1096
-0,2437;1097
-0,3351;1098
-0,1813;1099
-0,0362;1100
-0,0781;1101
-0,1981;1102
-0,2056;1103
0,0873;1104
0,3717;1105
0,3310;1106
0,1181;1107
0,0213;1108
0,0393;1109
0,0440;1110
0,0703;1111
0,0932;1112
0,0274;1113
0,0351;1114
0,1436;1115
0,1742;1116
0,1102;1117
0,0521;1118
0,0292;1119
-0,0467;1120
-0,1354;1121
-0,1541;1122
-0,1787;1123
-0,1700;1124
-0,1891;1125
-0,3587;1126
-0,4081;1127
-0,2396;1128
-0,1041;1129
-0,0410;1130
-0,0757;1131
-0,2814;1132
-0,4305;1133
-0,3409;1134
-0,2143;1135
-0,1455;1136
-0,1039;1137
-0,1449;1138
-0,2392;1139
-0,2604;1140
-0,2076;1141
-0,1234;1142
0,0039;1143
0,0497;1144
-0,0391;1145
-0,1412;1146
-0,2113;1147
-0,2217;1148
-0,2273;1149
-0,3673;1150
-0,4364;1151
-0,2972;1152
-0,1940;1153
-0,1488;1154
-0,1086;1155
-0,1377;1156
-0,1627;1157
-0,0848;1158
-0,0097;1159
-0,0338;1160
-0,1476;1161
-0,2393;1162
-0,2233;1163
-0,1711;1164
-0,0955;1165
-0,0463;1166
-0,0896;1167
-0,1317;1168
-0,1305;1169
-0,2361;1170
-0,3477;1171
-0,2905;1172
-0,1500;1173
-0,1237;1174
-0,1923;1175
-0,1932;1176
-0,0922;1177
-0,0002;1178
-0,0666;1179
-0,1505;1180
-0,0853;1181
-0,0205;1182
-0,0412;1183
-0,0818;1184
-0,1525;1185
-0,2411;1186
-0,2368;1187
-0,1964;1188
-0,1825;1189
-0,1842;1190
-0,2027;1191
-0,2263;1192
-0,2839;1193
-0,3017;1194
-0,3120;1195
-0,3749;1196
-0,3388;1197
-0,3346;1198
-0,3838;1199
-0,3133;1200
-0,1881;1201
-0,1106;1202
-0,0689;1203
-0,0791;1204
-0,2090;1205
-0,3694;1206
-0,4482;1207
-0,4423;1208
-0,3336;1209
-0,2031;1210
-0,1212;1211
-0,0965;1212
-0,1280;1213
-0,2068;1214
-0,2891;1215
-0,3935;1216
-0,5819;1217
-0,5719;1218
-0,3089;1219
-0,1652;1220
-0,1690;1221
-0,1227;1222
-0,0998;1223
-0,1142;1224
-0,0981;1225
-0,1700;1226
-0,2529;1227
-0,0746;1228
0,0968;1229
0,0744;1230
-0,0198;1231
-0,1646;1232
-0,3269;1233
-0,4003;1234
-0,4259;1235
-0,4628;1236
-0,3932;1237
-0,2733;1238
-0,2104;1239
-0,1607;1240
-0,1320;1241
-0,1859;1242
-0,2668;1243
-0,2736;1244
-0,2823;1245
-0,3412;1246
-0,2698;1247
-0,0819;1248
0,0025;1249
-0,1092;1250
-0,2620;1251
-0,3424;1252
-0,4616;1253
-0,5803;1254
-0,5155;1255
-0,4018;1256
-0,4365;1257
-0,5279;1258
-0,4017;1259
-0,2071;1260
-0,1485;1261
-0,1975;1262
-0,3723;1263
-0,5565;1264
-0,4612;1265
-0,2019;1266
-0,0884;1267
-0,2093;1268
-0,3799;1269
-0,3752;1270
-0,2850;1271
-0,3303;1272
-0,4377;1273
-0,3121;1274
-0,1971;1275
-0,3256;1276
-0,4380;1277
-0,3579;1278
-0,2173;1279
-0,2210;1280
-0,3437;1281
-0,3879;1282
-0,4181;1283
-0,6215;1284
-0,7587;1285
-0,5689;1286
-0,4262;1287
-0,5364;1288
-0,5456;1289
-0,4288;1290
-0,4586;1291
-0,5960;1292
-0,6120;1293
-0,5662;1294
-0,6045;1295
-0,6314;1296
-0,5849;1297
-0,5953;1298
-0,6363;1299
-0,5774;1300
-0,4654;1301
-0,3993;1302
-0,4151;1303
-0,4362;1304
-0,4317;1305
-0,4811;1306
-0,5095;1307
-0,4466;1308
-0,3949;1309
-0,3137;1310
-0,2609;1311
-0,3019;1312
-0,2823;1313
-0,2571;1314
-0,3885;1315
-0,4734;1316
-0,4923;1317
-0,5462;1318
-0,5169;1319
-0,3594;1320
-0,2812;1321
-0,3823;1322
-0,4661;1323
-0,3702;1324
-0,2295;1325
-0,1520;1326
-0,1763;1327
-0,3354;1328
-0,3785;1329
-0,1918;1330
-0,0758;1331
-0,1148;1332
-0,1936;1333
-0,3304;1334
-0,5134;1335
-0,5727;1336
-0,5466;1337
-0,5964;1338
-0,5446;1339
-0,3961;1340
-0,2634;1341
-0,1743;1342
-0,1822;1343
-0,2585;1344
-0,2941;1345
-0,2920;1346
-0,3063;1347
-0,3182;1348
-0,3409;1349
-0,4348;1350
-0,4623;1351
-0,2896;1352
-0,2010;1353
-0,2327;1354
-0,1350;1355
0,0144;1356
-0,0138;1357
-0,1414;1358
-0,2011;1359
-0,2845;1360
-0,4041;1361
-0,4127;1362
-0,3343;1363
-0,3552;1364
-0,4013;1365
-0,2849;1366
-0,1383;1367
-0,1534;1368
-0,2566;1369
-0,3426;1370
-0,4546;1371
-0,4662;1372
-0,3311;1373
-0,2336;1374
-0,2813;1375
-0,4178;1376
-0,5287;1377
-0,5421;1378
-0,5439;1379
-0,4764;1380
-0,4249;1381
-0,4084;1382
-0,3185;1383
-0,1913;1384
-0,1077;1385
-0,1452;1386
-0,2205;1387
-0,2308;1388
-0,2933;1389
-0,3715;1390
-0,3301;1391
-0,2940;1392
-0,2526;1393
-0,1959;1394
-0,2840;1395
-0,4187;1396
-0,4525;1397
-0,4427;1398
-0,4656;1399
-0,4922;1400
-0,4629;1401
-0,3912;1402
-0,3475;1403
-0,2615;1404
-0,1052;1405
-0,0838;1406
-0,2212;1407
-0,2535;1408
-0,2032;1409
-0,2030;1410
-0,1863;1411
-0,2116;1412
-0,3360;1413
-0,4013;1414
-0,3306;1415
-0,1742;1416
-0,0249;1417
-0,0215;1418
-0,1118;1419
-0,1775;1420
-0,2231;1421
-0,1496;1422
-0,0016;1423
-0,0041;1424
-0,1542;1425
-0,2168;1426
-0,0959;1427
-0,0255;1428
-0,1167;1429
-0,2294;1430
-0,3030;1431
-0,3217;1432
-0,3832;1433
-0,4327;1434
-0,3131;1435
-0,2245;1436
-0,3128;1437
-0,3850;1438
-0,3150;1439
-0,2614;1440
-0,3307;1441
-0,3396;1442
-0,2112;1443
-0,2078;1444
-0,3484;1445
-0,4635;1446
-0,5463;1447
-0,6431;1448
-0,7086;1449
-0,7255;1450
-0,6645;1451
-0,6238;1452
-0,5908;1453
-0,5682;1454
-0,6787;1455
-0,8423;1456
-0,8093;1457
-0,5920;1458
-0,4820;1459
-0,5702;1460
-0,6610;1461
-0,6112;1462
-0,5915;1463
-0,7088;1464
-0,7112;1465
-0,5835;1466
-0,5597;1467
-0,6138;1468
-0,4767;1469
-0,3168;1470
-0,3434;1471
-0,4290;1472
-0,5224;1473
-0,6480;1474
-0,7000;1475
-0,5629;1476
-0,4053;1477
-0,4674;1478
-0,6042;1479
-0,5673;1480
-0,5241;1481
-0,5676;1482
-0,4452;1483
-0,2045;1484
-0,1130;1485
-0,1138;1486
-0,1231;1487
-0,1167;1488
-0,0167;1489
-0,0290;1490
-0,3142;1491
-0,5770;1492
-0,4783;1493
-0,3364;1494
-0,4743;1495
-0,7158;1496
-0,7842;1497
-0,6284;1498
-0,5963;1499
-0,6916;1500
-0,5872;1501
-0,4478;1502
-0,4584;1503
-0,5267;1504
-0,5811;1505
-0,5786;1506
-0,5353;1507
-0,4772;1508
-0,3782;1509
-0,3351;1510
-0,4168;1511
-0,5480;1512
-0,5957;1513
-0,5857;1514
-0,5732;1515
-0,5075;1516
-0,4672;1517
-0,4406;1518
-0,3674;1519
-0,4178;1520
-0,6838;1521
-0,9353;1522
-0,9655;1523
-0,7927;1524
-0,6435;1525
-0,5868;1526
-0,6688;1527
-0,8562;1528
-0,9372;1529
-0,8888;1530
-0,8290;1531
-0,8031;1532
-0,7885;1533
-0,6658;1534
-0,4952;1535
-0,4288;1536
-0,4635;1537
-0,4645;1538
-0,4059;1539
-0,5718;1540
-0,9372;1541
-1,0811;1542
-0,9849;1543
-0,9707;1544
-0,9824;1545
-0,9179;1546
-0,8608;1547
-0,7488;1548
-0,5665;1549
-0,4757;1550
-0,4879;1551
-0,4457;1552
-0,3917;1553
-0,4572;1554
-0,5063;1555
-0,4581;1556
-0,5108;1557
-0,6445;1558
-0,6452;1559
-0,5414;1560
-0,4407;1561
-0,3932;1562
-0,3766;1563
-0,3720;1564
-0,4476;1565
-0,5099;1566
-0,4460;1567
-0,4272;1568
-0,5217;1569
-0,6760;1570
-0,7952;1571
-0,7431;1572
-0,6611;1573
-0,6621;1574
-0,7558;1575
-0,8313;1576
-0,8370;1577
-0,9934;1578
-1,2634;1579
-1,2292;1580
-0,8629;1581
-0,6211;1582
-0,6250;1583
-0,7506;1584
-0,8421;1585
-0,7757;1586
-0,6717;1587
-0,6820;1588
-0,8283;1589
-0,9617;1590
-0,9369;1591
-0,9175;1592
-0,8034;1593
-0,6266;1594
-0,6169;1595
-0,6546;1596
-0,6111;1597
-0,5764;1598
-0,7052;1599
-0,8690;1600
-0,7795;1601
-0,6506;1602
-0,6431;1603
-0,6403;1604
-0,6287;1605
-0,6790;1606
-0,7644;1607
-0,7508;1608
-0,6283;1609
-0,5463;1610
-0,5703;1611
-0,6628;1612
-0,7131;1613
-0,6367;1614
-0,4764;1615
-0,3755;1616
-0,4177;1617
-0,5182;1618
-0,5192;1619
-0,4675;1620
-0,5182;1621
-0,6060;1622
-0,6325;1623
-0,5801;1624
-0,5400;1625
-0,6297;1626
-0,6140;1627
-0,5273;1628
-0,5449;1629
-0,6717;1630
-0,8509;1631
-0,8708;1632
-0,6806;1633
-0,5199;1634
-0,4597;1635
-0,4700;1636
-0,5546;1637
-0,5520;1638
-0,4252;1639
-0,4433;1640
-0,7070;1641
-0,8990;1642
-0,8368;1643
-0,7367;1644
-0,7188;1645
-0,7363;1646
-0,6752;1647
-0,4965;1648
-0,3855;1649
-0,3823;1650
-0,4599;1651
-0,6203;1652
-0,7249;1653
-0,7855;1654
-0,8111;1655
-0,6997;1656
-0,5733;1657
-0,5505;1658
-0,5474;1659
-0,5064;1660
-0,4906;1661
-0,5432;1662
-0,5803;1663
-0,6009;1664
-0,5974;1665
-0,5310;1666
-0,6134;1667
-0,8212;1668
-0,8474;1669
-0,6848;1670
-0,4855;1671
-0,4403;1672
-0,5133;1673
-0,6102;1674
-0,7116;1675
-0,7422;1676
-0,7017;1677
-0,6588;1678
-0,6483;1679
-0,6931;1680
-0,6847;1681
-0,5432;1682
-0,5438;1683
-0,7288;1684
-0,8584;1685
-0,8401;1686
-0,6889;1687
-0,6303;1688
-0,7609;1689
-0,8371;1690
-0,7315;1691
-0,6354;1692
-0,6187;1693
-0,6028;1694
-0,6242;1695
-0,7143;1696
-0,7885;1697
-0,8255;1698
-0,7978;1699
-0,6725;1700
-0,5809;1701
-0,5990;1702
-0,6751;1703
-0,6282;1704
-0,4983;1705
-0,5664;1706
-0,8172;1707
-0,8809;1708
-0,7170;1709
-0,5928;1710
-0,5631;1711
-0,5550;1712
-0,5717;1713
-0,5879;1714
-0,6164;1715
-0,6465;1716
-0,6280;1717
-0,5610;1718
-0,4394;1719
-0,3233;1720
-0,3917;1721
-0,5937;1722
-0,6340;1723
-0,4892;1724
-0,3272;1725
-0,2030;1726
-0,1946;1727
-0,3908;1728
-0,6370;1729
-0,6731;1730
-0,6149;1731
-0,6260;1732
-0,6811;1733
-0,7712;1734
-0,8369;1735
-0,7420;1736
-0,7001;1737
-0,7634;1738
-0,7793;1739
-0,6956;1740
-0,6121;1741
-0,5876;1742
-0,5401;1743
-0,5241;1744
-0,4739;1745
-0,2945;1746
-0,2200;1747
-0,3458;1748
-0,4169;1749
-0,3991;1750
-0,4890;1751
-0,7023;1752
-0,7890;1753
-0,6347;1754
-0,4607;1755
-0,4227;1756
-0,4128;1757
-0,3925;1758
-0,3729;1759
-0,2641;1760
-0,2036;1761
-0,2961;1762
-0,4204;1763
-0,4131;1764
-0,3446;1765
-0,2779;1766
-0,2570;1767
-0,3271;1768
-0,3982;1769
-0,4112;1770
-0,4144;1771
-0,4237;1772
-0,4060;1773
-0,3668;1774
-0,3171;1775
-0,3771;1776
-0,4642;1777
-0,3661;1778
-0,2981;1779
-0,4098;1780
-0,6373;1781
-0,8083;1782
-0,7015;1783
-0,4941;1784
-0,4291;1785
-0,4678;1786
-0,4914;1787
-0,4937;1788
-0,4638;1789
-0,3979;1790
-0,3403;1791
-0,3199;1792
-0,3655;1793
-0,5047;1794
-0,5988;1795
-0,4648;1796
-0,3553;1797
-0,3773;1798
-0,3586;1799
-0,3798;1800
-0,4200;1801
-0,3142;1802
-0,2650;1803
-0,3491;1804
-0,3982;1805
-0,4216;1806
-0,4237;1807
-0,3803;1808
-0,3303;1809
-0,3591;1810
-0,5440;1811
-0,8413;1812
-0,9830;1813
-0,8611;1814
-0,7419;1815
-0,6705;1816
-0,5719;1817
-0,5666;1818
-0,6307;1819
-0,5886;1820
-0,5260;1821
-0,5960;1822
-0,6962;1823
-0,6982;1824
-0,5656;1825
-0,4025;1826
-0,2933;1827
-0,2994;1828
-0,3701;1829
-0,3804;1830
-0,4221;1831
-0,4688;1832
-0,4789;1833
-0,5820;1834
-0,7262;1835
-0,7798;1836
-0,6727;1837
-0,5042;1838
-0,4198;1839
-0,4502;1840
-0,5588;1841
-0,6197;1842
-0,6002;1843
-0,6255;1844
-0,6040;1845
-0,4884;1846
-0,4191;1847
-0,3663;1848
-0,3528;1849
-0,4075;1850
-0,4139;1851
-0,3511;1852
-0,2623;1853
-0,1564;1854
-0,2621;1855
-0,5393;1856
-0,5825;1857
-0,4315;1858
-0,3012;1859
-0,2134;1860
-0,2142;1861
-0,2823;1862
-0,3556;1863
-0,4062;1864
-0,4408;1865
-0,3640;1866
-0,2198;1867
-0,1083;1868
-0,1070;1869
-0,1564;1870
-0,1540;1871
-0,1700;1872
-0,2453;1873
-0,2398;1874
-0,2171;1875
-0,2628;1876
-0,2818;1877
-0,2849;1878
-0,3480;1879
-0,4052;1880
-0,3969;1881
-0,3839;1882
-0,4661;1883
-0,5130;1884
-0,4303;1885
-0,3402;1886
-0,2852;1887
-0,2781;1888
-0,3140;1889
-0,2889;1890
-0,2106;1891
-0,2555;1892
-0,3764;1893
-0,3565;1894
-0,2682;1895
-0,2176;1896
-0,1322;1897
-0,2421;1898
-0,4810;1899
-0,4232;1900
-0,2475;1901
-0,2192;1902
-0,2621;1903
-0,2804;1904
-0,2356;1905
-0,1553;1906
-0,0234;1907
0,0544;1908
-0,0373;1909
-0,1341;1910
-0,1011;1911
-0,0563;1912
0,0343;1913
0,1009;1914
-0,0015;1915
-0,1433;1916
-0,1547;1917
-0,0818;1918
-0,0285;1919
0,0088;1920
0,0763;1921
0,0485;1922
-0,0610;1923
-0,0283;1924
0,0430;1925
-0,0221;1926
-0,1424;1927
-0,2493;1928
-0,3071;1929
-0,2140;1930
-0,1397;1931
-0,1920;1932
-0,3670;1933
-0,4669;1934
-0,3186;1935
-0,0949;1936
0,0915;1937
0,1962;1938
0,2363;1939
0,2475;1940
0,1970;1941
0,1096;1942
0,0184;1943
-0,0467;1944
-0,0658;1945
-0,0556;1946
-0,1000;1947
-0,2083;1948
-0,3403;1949
-0,3509;1950
-0,1950;1951
-0,1011;1952
-0,1095;1953
-0,1215;1954
-0,1024;1955
-0,0658;1956
-0,0424;1957
-0,0773;1958
-0,2569;1959
-0,4509;1960
-0,3855;1961
-0,1849;1962
-0,0702;1963
-0,0508;1964
-0,0684;1965
-0,1111;1966
-0,1427;1967
-0,1059;1968
-0,0794;1969
-0,1699;1970
-0,2614;1971
-0,2812;1972
-0,2716;1973
-0,2676;1974
-0,1986;1975
-0,0620;1976
0,0377;1977
0,0204;1978
-0,0587;1979
